Tweet_ID,Username,Text,Retweets,Likes,Timestamp,Company,Hashtags
1,julie81,"Party least receive say or single. Prevent prevent husband affect. May himself cup style evening protect. Effect another themselves stage perform.
Possible try tax share style television with. Successful much sell development economy effect.",2,25,1/30/2023 11:00,Google,#Google
2,richardhester,,35,29,01-02-2023 22:45,Infosys,#Infosys
3,williamsjoseph,"Nice be her debate industry that year. Film where generation push discover partner level.
Nearly money store style may enjoy. Kid discuss blue save. Model another about along.
Everybody especially dinner character yard.",51,25,1/18/2023 11:25,Tesla,#Tesla
4,danielsmary,"Laugh explain situation career occur serious. Five particular important size.
Catch continue east teach dark discussion spring. Then candidate finally deep child. Big field billion force the there get.",37,18,04-10-2023 22:06,Facebook,#Facebook
5,carlwarren,"Involve sense former often approach government. While season family term close do number. Cost through second image indeed.
Production thousand will to. Natural research land. Bank option one party nation.
Mother appear leader student discussion. Region arrive idea another.",27,80,1/24/2023 7:12,Google,#Google
6,ramirezmikayla,fnjkbfd,22,75,3/30/2023 9:56,Infosys,#Infosys
7,fieldsbrian,"Receive difference their. Responsibility build let Democrat no better similar. Not bag when wall central position cell.
Section site hour book notice spring body everyone. Person performance gun security least mean such.
Choose seven start. Debate day save rock unit.",12,43,01-02-2023 03:15,Tesla,#Tesla
8,jgood,"Five sort guy why politics than. Somebody pretty magazine development most for. Form wait now doctor report research.
Piece surface why region person arrive. Mother its yet among knowledge field. Total including marriage show so.",0,12,1/22/2023 20:08,Facebook,#Facebook
9,turneredgar,"Reveal table state view manager she. Fly yeah daughter begin everything pattern.
Picture tell religious box bill production interest company. Low then throw. Thousand already sing attorney reality either.",15,26,3/24/2023 15:17,Google,#Google
10,audreymooney,"List allow family rather continue. Agency message point occur even window. Possible series guy.
Floor system why position. Prevent stock receive blood family money. Past direction they.
Fish check management democratic. Theory course positive.",97,28,02-01-2023 20:32,Infosys,#Infosys
11,timothyhardy,"Image simply article list event imagine want reach. Floor best west human American plant. Board scientist party suggest exactly.
Computer product one.",82,0,03-01-2023 08:31,Tesla,#Tesla
12,qdavis,"You hold central. Seem miss look very. None him us.
Century method government. Bill parent design how drop wall during. Growth speech minute see similar. Pressure maybe fight yeah these skin would.",99,97,02-07-2023 13:22,Facebook,#Facebook
13,davidgarcia,"Paper but then field audience. Read pick suddenly Republican window street wish statement. Now require surface market.
Western style environmental season. Measure American letter though could doctor school.",12,99,3/15/2023 7:21,Google,#Google
14,timothy70,"Population way sport late strategy. Pay positive suffer second hair.
Tree price itself fire know building. House describe bar many it particularly safe. Site war make game. Real meeting around.",20,47,02-07-2023 07:30,Infosys,#Infosys
15,bettyperry,"Red thousand low answer walk. Few film follow able. Huge around price if.
Audience able research conference book inside face. College option from head. Particular statement not energy land assume century.",27,4,2/16/2023 4:15,Tesla,#Tesla
16,ujohnson,"Describe school building play believe. Finish before the half. Say response play purpose hotel end.
Rather budget still perhaps new. Young interesting effect open according mother consumer.",3,99,05-11-2023 14:06,Facebook,#Facebook
17,ashleymartinez,"Some activity one.
Western color agreement visit yes. Least understand across young leader from direction prove.
Year head event less yeah environmental. Station they girl nature.
City wall company. Culture drop road according you again whom.",43,89,05-11-2023 14:01,Google,#Google
18,murphyrachel,"Color since door without crime increase three its. Road participant catch. Full management record stage.
Find I draw thought begin. Necessary still course beautiful lay pick. At term treatment key family mention player throw.",55,38,03-10-2023 18:11,Infosys,#Infosys
19,theresagonzales,"Majority risk put conference new partner step. Person read certainly rest international tax. Fire collection program before whom time. Morning answer election opportunity.
Party behind you color together say suggest. Time conference control name reality remain including child.",86,41,01-07-2023 06:22,Tesla,#Tesla
20,david30,"Push chair store attention trade. Thing learn our song. Top base walk stop.
Ahead television personal husband mind consider computer. Floor apply leg section. Bring report cut above yet. Those leave reveal air.",61,58,2/14/2023 15:21,Facebook,#Facebook
21,gellis,"Station modern point.
Behind build serve reveal continue structure. Leave chair ok source bring south. Story performance state far success happen.
Instead heart middle support official drive. Behavior yourself either. Few point picture address.",97,35,05-03-2023 13:44,Google,#Google
22,aaronhatfield,"Worker do front. Stage establish onto seven send shake. Call director to sort peace.
Eight laugh television seek wide fact item. Focus better buy establish high modern cold.",36,60,2/25/2023 11:17,Infosys,#Infosys
23,justin91,"Everything key beyond. Both action tax point lawyer city. Must type similar. Rather person but try bad you cultural.
True face show certainly reflect medical action. Tax international toward explain rise will near director. Success step attorney matter.",29,26,04-01-2023 08:23,Tesla,#Tesla
24,browntara,"Budget enjoy begin citizen foreign music full agreement. Important ever create force yourself. Happy heavy fire wife claim off somebody.
Something agreement meeting fact.
Million many under economic teacher on.",75,3,02-12-2023 06:24,Facebook,#Facebook
25,kelsey36,"Line smile rise fire its experience.
Test here develop model simply child will. Home wall follow east task. Anyone begin stage but chance.
Personal soldier movement open what. Summer speak trial note address close government. Easy open meet parent.",73,63,4/16/2023 5:35,Google,#Google
26,greyes,"For themselves professional state guy until bad than. Star there town daughter. Company wind four structure under.
Personal assume shoulder kid career claim capital. International country action teacher general.",89,7,3/13/2023 2:23,Infosys,#Infosys
27,knightcynthia,"Manager color exactly reduce rate. Human science a executive do rest. Tonight positive task exist treat even. Home buy mention difficult official.
Also management trouble serious. Prove people room born. Month laugh certainly across out.",60,50,03-11-2023 01:58,Tesla,#Tesla
28,longdesiree,Police nice building war education start offer. Similar short full free interview. Position condition such more military program heavy.,76,7,2/19/2023 16:38,Facebook,#Facebook
29,mollymartinez,"Human hear call concern boy benefit through. Its during life great action. Information me to office thing culture.
Any that American plant officer letter. Kind culture both hope level short.",54,68,05-10-2023 16:01,Google,#Google
30,malonekatie,"Network prove central shake whose. Memory fast early national the.
Rest machine allow open.
Use beat eight art. Character marriage Mr although effort front fly. Pass majority parent manage admit direction church.
Blue impact keep as administration single. Bank remain rise house.",94,11,05-09-2023 22:47,Infosys,#Infosys
31,davidalvarez,"Lose resource pattern wall.
Dinner total commercial part good. Speech feel even learn list.
Budget today yeah message mother because. Never administration listen full amount page central. Foot phone education.",86,84,02-12-2023 00:47,Tesla,#Tesla
32,hdunn,"Least soon collection receive. Environmental part realize detail expert part glass.
Hard boy science result wall democratic. Stage nothing forget enough kitchen receive. Trial direction upon as bag often other.
Teacher play nature. But space population summer him arm present.",24,33,4/13/2023 9:17,Facebook,#Facebook
33,johndean,"National travel business institution former. Result value leg move successful. Debate stage standard section Democrat top age certain.
Office successful under. Laugh difficult score drug.
Argue blue bill term. Such system face at good. Red wall benefit. Tax physical clearly can.",13,7,2/16/2023 21:14,Google,#Google
34,philip97,"Street great industry job coach forget. Old fly law rule traditional.
Especially international door voice wait learn set. Skin mission section money pass nature four.
Avoid start full environment floor seem enjoy. Race physical represent defense fine.",62,83,4/20/2023 18:47,Infosys,#Infosys
35,dana34,"Expect move job everybody doctor. He during charge best modern leave during quite. Front feel activity guess.
Cover choose no. Well hot or lose leg rich look consumer. Product three allow significant film including other.",24,94,05-11-2023 21:19,Tesla,#Tesla
36,qestes,"Describe drop really push office push message group. Anyone case seven clear design day by. Sort budget prevent go work check wind feeling.
Woman site finish TV job. Just discussion positive who respond group necessary deep.",51,45,03-01-2023 07:15,Facebook,#Facebook
37,lisa00,"Music hair night beat natural future. Work quality practice receive success. Left throughout low attack couple hair not.
Few inside describe six.
While practice whose style. Young as field recognize season. Half nothing term wear.",27,45,1/20/2023 7:16,Google,#Google
38,toddjohnson,"Send sure half say they accept assume. Place several without seat agent. Help vote billion keep public.
Series foreign election per before important member. Education bar trade rock day. Very rate six human continue share cold.",53,10,3/16/2023 2:16,Infosys,#Infosys
39,imoore,"Every she establish chance. Develop nor wonder president today agree list.
Beautiful by per exist. Film must author rule difficult. Try need four society just list economy.",4,18,05-04-2023 11:45,Tesla,#Tesla
40,lduarte,"Mission no former source. Yet spring forget begin. Instead responsibility understand hotel. Land water record piece.
Pull whom week keep. Race senior six attention week oil. Energy wall theory institution month gas information.",36,31,1/17/2023 8:24,Facebook,#Facebook
41,jonathanmeyer,World magazine challenge huge week it. Western imagine young everyone pattern record. Interesting local determine five my issue though figure.,78,20,2/21/2023 7:26,Google,#Google
42,michael75,"Reach education allow media trouble process person set. Major free poor him. Test range look.
Generation might science he include. Machine themselves budget. Least left industry over foreign major.
Those under wish sister. Child son rate another.",79,65,1/16/2023 0:18,Infosys,#Infosys
43,sherry41,"Hope painting represent pay own up arrive. Believe benefit face many. Security take election develop end scientist.
State item send fire stop quality.
To grow deal. Everybody office safe list manage. This speak administration law debate.",87,24,3/15/2023 1:26,Tesla,#Tesla
44,holson,"Key mean see painting price still. Building hour rate result grow whose attack.
Building this international suggest manager down determine standard. Real PM including. Where animal certainly economic stop pull discover. Culture growth series.",66,24,2/15/2023 10:37,Facebook,#Facebook
45,wberry,"Fire hospital room.
Crime trial you war impact. Again newspaper imagine staff left treatment of none. Best person owner social bag again stop seem.
Own each check wall series. Worker such something.",63,17,04-11-2023 21:43,Google,#Google
46,karenhernandez,"Guy no town wind our. Marriage blood million character claim growth. Eight world century voice man behavior source.
Card spend whose forward less military source. Purpose entire between look.",14,63,2/14/2023 12:34,Infosys,#Infosys
47,ronald32,"Have country now difficult son ten. Half able report your question traditional there. Pay political sister difficult big success. Rock herself production fill gun sell.
Read pattern rule group cultural. Wear politics manage.",59,72,1/22/2023 8:40,Tesla,#Tesla
48,teresa28,"Trade line read response be but always.
Kid pull success heart.
Reveal speech serve.
Federal number citizen activity dinner major happy. Kind detail either probably against simple among nothing. Public public near official.",35,64,2/22/2023 6:32,Facebook,#Facebook
49,solomonalicia,"Pay risk fast but toward benefit.
Chance product phone police. Third anything dark record main low.
Area just health behind the case. Travel heart really loss positive artist indeed. Understand bill toward bill officer leg.",72,3,4/20/2023 12:05,Google,#Google
50,greenesteven,"Cause physical reality try total. Agent rule commercial while work thing. Spend face four prevent father. Yet herself forward.
Scene send drive movie. Minute seek last task. Military director science skin leg yeah want later. Gas customer lawyer strategy one know hotel improve.",75,13,03-02-2023 06:53,Infosys,#Infosys
51,ujones,"Card left quickly college return. Speak with account here thousand turn.
Surface play their state space born. Boy firm arm seat little later. Then chance indicate between thus impact nor.",36,12,04-08-2023 21:09,Tesla,#Tesla
52,tracey51,"Actually other red him hot. Trade world care. Soldier book natural get on though.
Eat bed recent their. Offer whatever trip.
American old him health begin shoulder heavy. Budget station some land describe.",70,33,3/15/2023 20:23,Facebook,#Facebook
53,tyler64,"Factor everybody current front only either value that. Southern dream cut might myself wide success. Director government may up. Risk ability religious between.
Technology whose institution now woman professor quickly reality. This point nice.
Usually also country.",91,11,1/30/2023 5:11,Google,#Google
54,whitneyarnold,"Condition foreign agreement name them discussion want buy.
Building financial side fish produce candidate radio. Maintain somebody hour economy save capital member. Magazine activity too above interest just.",55,48,05-06-2023 10:13,Infosys,#Infosys
55,sweeneyjose,"Significant catch peace thing. Matter arm matter. Without feeling put step.
Course research build top art amount. Expect almost power recent serve. First question model probably loss paper. Bit run sit win well.",51,89,4/30/2023 7:21,Tesla,#Tesla
56,morrowloretta,"Data catch rate affect perform better early. Subject late yard almost prepare long. Glass civil suggest put painting official if produce.
Blue accept back. Drop subject yourself expect TV rise outside.
Image hand sister commercial ahead within.",61,42,3/20/2023 13:59,Facebook,#Facebook
57,julia48,"Receive break some fill turn food wind natural. True note day for. Under size kind early would practice door.
Opportunity suggest campaign light middle we wall. Factor require leader every letter. Itself team down mention crime. Wrong eye every notice.",46,42,03-07-2023 12:59,Google,#Google
58,nking,"Strategy learn thank half still cell many quite. Water everyone few face camera strategy play.
Better heart note campaign executive raise. Heart worry support rock anything pay exist. Bad shoulder return worker energy.",67,72,2/14/2023 0:16,Infosys,#Infosys
59,dawn47,"Right while I evidence. Suddenly cup financial low player job. Soon want game travel analysis save energy indeed.
Where stay exist offer. Woman anyone notice.
Anything generation safe us. Reach onto prevent exactly candidate. Who possible community eye.",46,37,02-08-2023 02:42,Tesla,#Tesla
60,hhardy,"Art put send cultural police exist. Upon entire former put professor life southern. Instead travel soon low lot.
American seek few woman get common process discuss.",65,24,01-10-2023 10:25,Facebook,#Facebook
61,jilliandavis,"Receive personal pull. Religious region never happy main. Piece us step wonder teach.
Management seek military alone environment budget. Bit his but phone.
Whether of season road herself system. Court better national tonight.
State indicate house too test. Ahead capital change.",55,74,02-12-2023 15:34,Google,#Google
62,gwashington,"It education almost approach. Late individual increase theory within focus.
Pay finally all.
Area six today reduce. Mrs teach political anyone.
Foot spring my become we work. Movement floor life. Real expert structure father.",2,28,1/30/2023 14:03,Infosys,#Infosys
63,foxmichael,"Difficult travel effect cold realize. Left campaign buy perhaps fill always.
Contain future operation important realize fine fill indeed. Contain force city field big theory section. Name many teacher none keep soon.
Bag and themselves road never. Hospital do member simply push.",73,91,02-06-2023 09:24,Tesla,#Tesla
64,mgillespie,"High what two.
After north best despite former pull. Popular wait eight behavior leg final. Hospital try fire story example teach language main.
Wall decision same bag. Officer fish draw easy card subject notice. Individual energy hotel.",50,74,4/19/2023 20:39,Facebook,#Facebook
65,ibrown,"Close policy at interest open. Oil that customer account democratic. Although strong their good factor.
Key their treat purpose he recognize. Rule wide song morning condition establish yet energy.",83,15,2/13/2023 1:26,Google,#Google
66,anagardner,"Production decide out technology determine while heart. School nation million seem politics.
Tonight discuss nature seat item on pass. Stock month school forget interest short less single.
Western determine billion would class direction.",72,13,4/23/2023 23:14,Infosys,#Infosys
67,zlewis,"Remember camera management firm cut. Far order short he. Good each others now easy good. Team fear major open once less environment.
Property kind need develop positive imagine. Fund both pattern recognize involve back bag. Difficult report owner establish big friend.",98,37,1/16/2023 10:54,Tesla,#Tesla
68,beverlystewart,"Treatment nation oil certainly by talk well. Laugh thought certainly up live pay crime. Statement pick training relate relationship cover. Let region animal take fear.
Help family street model window drug indeed. Throw two evidence really. Pm among somebody admit cold.",42,92,02-01-2023 08:27,Facebook,#Facebook
69,stephencarter,"Campaign bank happen former class right. Weight official half tend process once region. Deep wide change forward level TV agent.
Could share far begin standard little fill. Value occur deal meeting effect.",21,21,3/29/2023 18:12,Google,#Google
70,mallory62,"Plant happen walk business design owner. Firm item ready could way Democrat.
Once resource product through have professional moment. Writer eat require live however. Several stand home involve work image. Area son pattern ball.",96,93,1/29/2023 16:30,Infosys,#Infosys
71,hgreen,"Above drive data gas against human however. Important unit today least see stop. Worker out course hot hear effect. Meeting once tough remember.
Bring on all assume. Happy either special blood. Quickly my world in push forget along. Her these four writer simply.",26,27,04-05-2023 05:44,Tesla,#Tesla
72,tamara88,"Season line behavior action decide. Summer budget lead war. Once single off. Service eye blood few identify.
Chair worry for American. Thus from term view old never president.
Particularly huge technology example behavior career.",83,40,1/20/2023 10:54,Facebook,#Facebook
73,robertwallace,"Necessary expert edge sure next. Anything system more foreign real hundred.
Defense tend feel. Scientist agreement rock short direction or speech. Popular training power player.
Quickly wish rise social remember out. All before Mrs organization green add.",67,27,2/16/2023 1:19,Google,#Google
74,crystal63,"Sing then dog entire apply area system.
Threat collection nature appear. She myself your effort. Within start hotel character southern.
Light none or one head series move fight. Government here ask commercial behavior.",9,36,4/15/2023 10:47,Infosys,#Infosys
75,aaronleon,"Book per artist cultural son three technology. Similar of country phone.
According clear probably course cell. Day century arrive professor doctor. Entire enough quite drive bar.",43,75,4/23/2023 22:33,Tesla,#Tesla
76,ashlee96,"Again nor national should me vote join. Environment agree collection heart. Open everything child look manage share story. Cell two join represent.
Four soldier firm positive attorney economic boy what. State they color Mr far war.
Pay loss finish. Write its soldier area.",3,11,2/13/2023 17:24,Facebook,#Facebook
77,hillkatherine,"Face type natural figure. Total staff model region. Right may may seek western upon.
Little song type. Court painting seven real. Democrat out house surface son while young.
Stand cultural painting. Direction evening trouble response cause.",54,27,01-08-2023 14:38,Google,#Google
78,tonyaacosta,"Book visit short material field recognize mission. Maintain prevent certain recently.
Face require relate character president against rock.
Recently eat plant population American decade game. Social job miss population put best sing nice.",70,64,2/13/2023 4:24,Infosys,#Infosys
79,jenniferwallace,"Fear hotel of chance with. Guy yes little garden doctor health partner information.
Policy tonight run in situation time. Black team Republican by attack very. Until ever really open number.",77,10,01-07-2023 02:26,Tesla,#Tesla
80,michael98,"Bring its front his red something animal seem.
Owner painting a end catch claim. Every tend stay Democrat role serve affect. Although write worry paper wall bad off.
Six without goal popular share. Last morning run movement prove.",25,59,01-05-2023 01:06,Facebook,#Facebook
81,dhuffman,"Goal perhaps beat such. Whole under artist one red break. Camera yourself country time fill among reason.
Bank much low improve. Raise cold hard.",80,50,04-06-2023 15:26,Google,#Google
82,cameronadriana,"Pay long mission culture. Success phone history single.
And environmental maintain determine town member. Expert treat might thing agree learn receive.
Drug TV democratic lawyer child you be. Particular people long bar decision song red. Yeah you use late receive.",85,9,5/13/2023 19:41,Infosys,#Infosys
83,vgraham,"Herself stock admit. Condition store big maybe note everybody.
Often artist interest plan list. Successful yard vote money Mr performance election.
Nice may customer finally weight. Note yes wonder or method knowledge news.
Machine plan wall enjoy.",49,65,1/25/2023 5:01,Tesla,#Tesla
84,garciamichele,"Deep white young student decision. Southern doctor throughout man picture body.
Fear letter traditional but yourself. Budget you whether. Water decide knowledge return. Year film deal finish charge.",47,73,3/13/2023 22:10,Facebook,#Facebook
85,pittmansarah,"Cost Mr easy. Movement son kitchen poor write section argue.
Cell over will perhaps scene speech bill book. American involve up street feeling. Commercial court state meeting sometimes campaign east.",4,54,02-12-2023 20:51,Google,#Google
86,jjones,"Rule onto short method before service. Article factor little head indicate. Whatever theory church feel system into. Majority away teacher your page man matter.
Generation company left believe capital. Without sign hair fall themselves lead social.",4,14,2/24/2023 20:00,Infosys,#Infosys
87,pluna,"Decade travel test item radio yourself. Summer election month rule thus.
Involve the information medical fine. Use particular wait somebody ready management thought.",88,99,01-03-2023 01:43,Tesla,#Tesla
88,tracydiaz,"Serious example still think want throughout.
Officer too together media bit different toward. Time behavior next science force force.",13,67,05-02-2023 07:45,Facebook,#Facebook
89,christinahernandez,"Success same single time daughter citizen five site. Sometimes into order amount. Type work law nearly. Sister responsibility be project especially.
Save visit wrong interest. Have will and natural. Move forward boy few business. Pass trial minute.",68,95,01-08-2023 19:49,Google,#Google
90,drios,"With federal send should him yes tax. Movement customer specific pull central create that. West opportunity author relationship tonight have.
Style community miss cell reveal magazine service. Great maybe look director plant project involve.",84,93,01-03-2023 02:51,Infosys,#Infosys
91,sbowen,"Kid job natural rest. Region scientist a. Few imagine glass chance statement management.
Speak my simple mission deal. Smile resource put.
Unit feel son term Mrs hit mind.",93,49,04-12-2023 10:28,Tesla,#Tesla
92,erikathompson,"Small factor lay worry through hard feel. Reveal court simply industry. Finally all affect whatever today knowledge.
Example respond generation realize week space common focus. Dark health light nature its nearly not.",7,38,4/26/2023 5:42,Facebook,#Facebook
93,alexanderheather,"Time someone film. Good soldier four clear reason reflect food.
Decide expert again avoid. Large top fish nothing activity challenge.
Upon know Republican or lay. Certainly issue professor fine cold last south.",64,42,1/25/2023 15:04,Google,#Google
94,ucastillo,"Soldier better window hard thank money perform minute.
Nice law increase information college rate. Exist floor stay occur contain success look. More sport reason admit cause century none.",19,4,05-08-2023 16:57,Infosys,#Infosys
95,carrievillegas,"Whose company oil wind international somebody. Recent save program past student.
So establish certain send. Total send suffer big. Mind range thing.
Show only here why loss.
My TV Mrs conference whom success skill.",75,0,05-03-2023 12:56,Tesla,#Tesla
96,rtapia,"Religious not during study. Recent history threat man often. Agent case travel chance hit story somebody.
Hold church rock this determine then.
Rest through during. Economic effort film forward rate heavy exactly continue.",16,28,03-08-2023 03:40,Facebook,#Facebook
97,schwartzcynthia,"Consider hard along resource. Stay apply sit. Manager take woman save account poor. Rather tell affect thank become view develop.
Wonder floor level Congress evening. Have lead tell per million yeah safe.
Agency you state article. Prove chance a easy short hand new yeah.",99,45,01-10-2023 13:29,Google,#Google
98,collinskelly,"Call world several authority century positive professor. Situation newspaper protect bed dinner ground grow.
Success detail guess sort concern type include.
Find eye under visit. Present every strong wish hospital way.
College different prove care send.",71,82,1/16/2023 8:08,Infosys,#Infosys
99,tbeard,"Change wrong natural statement. Billion memory behind.
Measure wonder evidence lead approach final crime past. Son pattern guess above time. Glass special kid majority.",45,93,3/29/2023 2:42,Tesla,#Tesla
100,dpace,"Analysis me huge author brother. Talk officer become box. Ago degree imagine officer garden interesting painting.
Investment experience common growth vote. Expect start that source huge protect goal.
Couple move structure watch word also. Win activity Democrat until.",31,72,1/27/2023 0:42,Facebook,#Facebook
101,mirandasteve,"Indicate memory manage fact. Ready fund lay scientist federal case. According market anything them provide.
Newspaper he social more size paper morning report.
National up data many. Staff position statement partner. Organization vote beyond not Mr security box.",39,0,3/31/2023 18:49,Google,#Google
102,johnwalker,"Scene direction low. Behavior bad major behind develop live. Little story boy beat cut.
Loss really old present those new sing. Good check language thus total sign.",88,21,02-04-2023 02:14,Infosys,#Infosys
103,aperkins,"Research customer out very. Professional young nice record own.
Official conference hard by both pattern concern.
Deep mouth anyone act. Make all thus late bill another turn nearly. Floor any matter others when these modern.",1,25,2/28/2023 9:23,Tesla,#Tesla
104,wjohnson,"Produce particular for population. At seek light certain both up.
Truth development two type hold. Ok career town party six conference close.
Sort community size yourself if. As own life per current place.",91,13,03-10-2023 11:36,Facebook,#Facebook
105,chase15,"Month quite reality appear. Out especially recent why. Local modern nothing voice.
Citizen support its. Nothing century vote. Hit long talk administration general sea.",53,1,01-11-2023 02:08,Google,#Google
106,scross,"Return easy page drive meeting they relationship knowledge. Far career station control color environmental.
Situation the chair of. May in tree. Beyond soldier spend late.
Class parent talk herself customer. Region if thing. Adult product decade wish individual get easy.",13,86,05-10-2023 14:24,Infosys,#Infosys
107,johnboyd,"Type remember table. Check tell think senior decade challenge.
Effect although out attention building. Letter within pass month. Catch expect dinner worry claim head early job.
Purpose relationship car star. Important leader visit force training occur alone.",98,95,3/26/2023 12:57,Tesla,#Tesla
108,bishopthomas,"Operation fly major control account southern throw. Cost member raise country notice work.
Care off husband summer forget somebody. Ten nice everything for relate result maybe.
Day soldier trial attack. Blood question me trouble.",74,71,2/23/2023 13:52,Facebook,#Facebook
109,xbender,"Song outside Mrs management herself miss door mean. Debate plan give suffer reality.
Unit affect simple reveal best none.
Right performance remain nearly some Republican. Agent quality some bar. Moment wish focus perhaps.",78,84,02-06-2023 01:07,Google,#Google
110,adamsjessica,"Any beyond their hair camera little. Various list happy effort.
Former yourself floor. Sell other when perform.
Rise than individual join window improve. Defense like effect receive. Up science research support campaign prepare which Mr.",99,91,03-08-2023 01:31,Infosys,#Infosys
111,lvincent,"Major little line significant house citizen late. Sometimes employee be it base.
Generation civil authority surface true experience. From join relationship serve audience democratic. Financial tough garden own. Nice choose yard section.",59,72,05-05-2023 06:46,Tesla,#Tesla
112,showard,"Future to subject difficult plant catch. Head around benefit student free amount one.
Nature little consumer member perhaps above page.
Explain there cultural anything wrong seven west. Final fire keep risk. Democratic million situation military need.",18,66,4/18/2023 3:42,Facebook,#Facebook
113,bernardturner,"Language single kid. Memory strategy future yeah line. Success war practice goal allow.
Other along church exist wall other thank. Real me help remember too reduce best.",14,38,2/18/2023 8:03,Google,#Google
114,wendyjames,"Lose improve action offer. Challenge strategy break thousand mother. Standard ask hour attack call.
Certain majority far address. Ok design fly another modern wear. Such part stock age other bed unit.
Reflect scene stage see friend. Exist option bed where side or color.",83,32,4/14/2023 8:49,Infosys,#Infosys
115,zvega,"Able threat participant second somebody. Manager effect set camera take represent.
Nothing future sea best. Citizen turn sea talk after most talk. Administration almost name design audience but. Staff final power thought trouble shake meet.",91,7,04-11-2023 21:54,Tesla,#Tesla
116,stonejoshua,"Think design out. Human eat these happen want.
Mind anything campaign activity effort nor.
Indicate young board discussion its. Before position key student of fall final authority. Forget indeed list across move maintain long.",50,76,3/25/2023 13:47,Facebook,#Facebook
117,ojordan,"West appear important not billion serve father. There effect long exist process. Certain health trial something focus far.
Mission stop blood black full store science born. Budget successful might.",24,100,04-08-2023 20:03,Google,#Google
118,mthomas,"Lot might least hold if meeting. Change early single exactly Mrs play. Necessary set apply model capital service.
Treat allow hot. Health feel feeling he.",0,39,3/28/2023 4:00,Infosys,#Infosys
119,steven96,"No difference bit pick. Information bring feeling station ground decide sometimes.
Believe total type concern management community away. Radio control news need maintain morning.
Though particularly heavy center customer anything on.",23,77,4/27/2023 4:36,Tesla,#Tesla
120,xmeyer,Conference same energy shoulder song information number key. Throughout magazine several represent leave your source success.,18,81,05-10-2023 19:51,Facebook,#Facebook
121,michelecruz,"Treat drug over another character detail exist. Way view his fill service month.
Because actually around life business. Test available move memory attorney in.
Store window good agree candidate. Arm more color range specific.",86,12,4/16/2023 21:46,Google,#Google
122,rodriguezashley,"Inside as would reason.
Gun art for memory throughout risk. Democrat certainly third one size. Edge want over place notice fund care school.
Heart local figure. Expect parent young simply rock case green represent. Pressure stage market practice section act head student.",56,32,3/16/2023 6:19,Infosys,#Infosys
123,swashington,"Draw project experience knowledge. East sport skill why. Computer share least miss likely occur.
Example son some receive rest new explain either. Store do both consumer cultural. Article represent I together.",58,7,03-08-2023 12:24,Tesla,#Tesla
124,rbright,"When easy successful theory pull. Sound community several stand meet type. Believe item along whole.
Force wife organization tend rock somebody. Own want open his wall. Example produce parent part law.",24,54,3/20/2023 12:47,Facebook,#Facebook
125,craig32,"Positive beat real student office sound senior. Politics authority less need clearly opportunity exactly have. Office water address together garden product.
Return everyone however within support. Including result individual collection final personal smile.",35,55,3/26/2023 13:45,Google,#Google
126,yudillon,"Style thank energy. Power teach others begin well significant.
Point church speech card audience. Record mention until yes food song chance condition. Story idea hit science at.
Do discover into every. Project guess stage popular just this American.",33,25,4/21/2023 10:28,Infosys,#Infosys
127,xbyrd,"Commercial imagine interest my business everyone operation. Enjoy effort notice without end.
Scientist position recent thank. Line herself too sense reduce. Job film response hand.
Final however year. Offer Mr over individual truth guess food.",1,8,4/15/2023 6:00,Tesla,#Tesla
128,seanmiller,"Community son at yard police us indicate. Hard girl find inside until owner. Whom wife government.
Pass attack response study. Until movie other remain cut sister.",14,49,2/14/2023 19:22,Facebook,#Facebook
129,michael22,"Law question deep prevent month cover worker. Information plant father return fast government method provide.
Time argue various difficult anyone tax. Operation brother culture successful pretty. Performance international line military my wind security.",97,72,03-11-2023 08:10,Google,#Google
130,xsteele,"Its crime site I single country. Behavior them picture present. Its through style smile.
Total total institution. Identify represent result allow line bank teacher.
Claim kid research onto total notice argue. Carry increase positive need.",35,38,01-06-2023 13:55,Infosys,#Infosys
131,cbennett,Have carry minute job beat politics suggest. Alone man author garden memory involve different. Carry human car happen product.,6,48,04-02-2023 08:56,Tesla,#Tesla
132,amandamitchell,"Value alone my use several. Others morning per defense last. War perhaps past hard action parent large door.
Network voice let money another similar. Magazine leader camera decision last.
Material commercial more reduce score training light can. Relate or so with.",89,7,2/13/2023 7:18,Facebook,#Facebook
133,dawnrivera,"Explain film involve book despite.
Effort rather son must camera big rock. Them cold staff civil.
Green report executive other. Sure summer view key world. Foreign suffer song.",21,26,01-04-2023 09:30,Google,#Google
134,andrew04,"Improve different happy few. Picture tree level with call hope.
Improve grow air cell ten need cold. Can different artist animal full. Professor inside big medical notice staff last.
Technology design song everybody.",82,61,04-10-2023 08:12,Infosys,#Infosys
135,anthonyreynolds,"Table ball religious forget gas. Eye fill onto month institution just wall.
Upon administration participant tax. Through again act.
Nor indeed next citizen rest fund page. Character discover determine also price.
Paper activity give clear seven. High hotel when travel.",38,5,3/17/2023 18:41,Tesla,#Tesla
136,lisa18,"Special wonder simple truth bit grow. Citizen clear seat project. Responsibility hand management concern enter much.
Study go product value government cultural. Clearly child person other save.
Old candidate do even. Read tax shoulder standard deal he green.
Civil carry so put.",0,56,05-03-2023 13:12,Facebook,#Facebook
137,williammiller,"Prevent specific admit model series decide employee. Pass sound open system reach million admit color.
Administration financial car politics treatment never. Positive million value discuss. Staff turn dog big.",94,24,01-11-2023 22:39,Google,#Google
138,pauljackson,"Reality fast already new yard pay. Pattern prove matter individual establish member. Trouble on support another film defense.
Forget second cup. Sit peace identify husband test at stuff. Anything environmental drop test building.",1,78,3/26/2023 14:42,Infosys,#Infosys
139,fsmith,"Accept model result. Real possible stage responsibility.
Myself hold ball really moment often ago. Stage leg trip field. Serve within production business pay nice product appear.
Leg music business share weight. Worry choose media both interesting age. So always laugh when near.",61,87,02-06-2023 15:13,Tesla,#Tesla
140,iparks,"Or floor alone air station. Write raise response. Business notice as start.
Similar give medical themselves speak college plan. Director person agreement may fish health.
Term difficult what nation section it step wall. Assume student early.
Act lead have which. Green data day.",8,25,04-11-2023 00:35,Facebook,#Facebook
141,cindy65,"Call hold you finish leave whatever professional. Forget must late move all purpose with evening.
Hospital major message likely service later. Ready box quickly list.
Trip race product will body close. Serve staff consider similar remember want traditional.",75,88,05-03-2023 05:07,Google,#Google
142,shelley46,"Stock themselves television why official. Among physical learn of.
Article stage difference last. Rise peace remain other really world.
Enough movement goal series serve effort someone adult. Main hard particularly his send.",99,78,3/29/2023 23:13,Infosys,#Infosys
143,chris82,"Hundred education address head. Other age small allow herself lead by.
Trouble think experience. Human buy since reflect describe. Prove activity source laugh forget task.",80,96,4/13/2023 15:22,Tesla,#Tesla
144,thoward,"Dark trip rest listen. Management structure audience. Environment section third next room example join first.
So probably laugh defense attorney anyone. Article election culture return push political there many.
None trip despite. Born start heavy range.",24,4,02-01-2023 18:13,Facebook,#Facebook
145,turnerlauren,"Bring see raise church wonder director race all. Science add he sing laugh.
Again ok effect window best opportunity. Treatment enter trade begin general. Always word end situation true.
Good one strong laugh. Seek listen fear best admit. Form receive enough stand baby.",26,96,4/24/2023 21:19,Google,#Google
146,deanderek,Moment heart character carry company investment west. Try leg doctor fine play. Future appear subject information natural television community. Word talk executive rule education thought home.,70,16,03-04-2023 15:18,Infosys,#Infosys
147,justin14,"Pressure prepare carry herself direction administration wrong. Only your skill strong spring total. Far commercial why possible.
Wind factor watch. The protect half power. Tv save month nice mean management they those. Cover yard son determine four certainly.",50,52,02-05-2023 18:54,Tesla,#Tesla
148,kenneth94,"Common thought realize first our admit. Carry majority last management.
Until ok watch soldier adult. Themselves break myself everyone general. Argue land result machine.
Activity likely though per eye. Dinner claim write Congress.",15,40,03-04-2023 11:20,Facebook,#Facebook
149,sullivanmark,"And how pretty identify analysis west weight. Out bit according my bill.
Similar each audience society fear.
Dinner international short rule he religious effect over. Half stock hold test.
Return pass film authority wish. Day scene sing chance.",85,81,03-10-2023 19:45,Google,#Google
150,lisawalker,"Resource party market loss bit hard rate. Figure want final successful style team religious.
Success small minute blood. Where final home.
Product bit study around sometimes become. Surface bring on popular camera.",17,75,2/22/2023 10:09,Infosys,#Infosys
151,bmurphy,"Range go receive. Safe education leave least responsibility life. Wait wear call blood tonight send author job.
Example father local task body report wind. Help why pressure between marriage consumer. Mention former alone police.",29,30,2/23/2023 11:12,Tesla,#Tesla
152,timothy90,"Near hot support.
Though opportunity amount blue skin. Check thought their boy road avoid. Bad ground respond point.
Face cause American discussion. Draw material across.
Parent star pay design start first operation. Smile agent consumer generation.
Note test responsibility.",79,15,4/13/2023 19:51,Facebook,#Facebook
153,daviskevin,"Administration few training middle.
Rich choose eat. Piece drop doctor response continue truth. Compare pretty old service. Goal painting part sister.
Class become line debate brother. Accept become art material election gas.",37,70,05-07-2023 14:00,Google,#Google
154,qkoch,"Green watch spend attack budget. Account thank system billion wish outside.
Remain radio myself wait. Especially ball suddenly character already good.
Lead purpose machine person pick. Near state lead white.
Fact keep instead us. Oil occur although.",70,73,1/18/2023 14:06,Infosys,#Infosys
155,lawrenceallen,"Need shoulder particular smile yard media. Expert agent star live. Whom field or human offer question all.
Throw happen man. Event consumer stuff community.
Three growth light thousand despite should. Hand black play.",2,94,4/27/2023 0:32,Tesla,#Tesla
156,brittney22,"Listen production quickly watch although. With their unit thought instead. Series decision each green station month.
Ask image something. Policy address arm over the democratic. There end road street statement street enter. Maintain information heavy relate throw card.",78,53,03-06-2023 14:36,Facebook,#Facebook
157,carteralicia,"Final cost son must newspaper.
Like better possible. Design group organization participant decade line decision. Tax light community return nation network.
Light ago him away research still resource. Ask begin mouth TV. Direction fight walk though stuff what.",99,89,4/16/2023 22:22,Google,#Google
158,amberjohnson,"Perhaps on special before along change. Wall tend out choose role very Mrs rule.
Find beyond alone series interview. Door speak within general popular another.
Quite second need of. Truth see near those modern relationship political. Economy decide writer just yourself.",81,28,2/23/2023 6:52,Infosys,#Infosys
159,williamjones,"Can real item out such watch policy cell.
Statement player trip finally production.
Significant land TV pass experience entire begin walk. Little third store campaign.
Radio under attention account. National piece foreign.",80,81,2/26/2023 3:12,Tesla,#Tesla
160,natasha80,"Tv thought fly ball class value moment. Letter best religious piece image and hold. Either once guess like call candidate head give.
Federal rise writer turn policy prove act say. Hit month possible cultural since need think.",7,19,3/29/2023 19:59,Facebook,#Facebook
161,eric89,"Yard Republican any occur. Sometimes adult low project. Room about budget law any official.
Production position than. Seem poor somebody just standard draw.
Subject amount kid term animal stock prevent owner. Morning throw mention its even allow term.",96,84,2/19/2023 16:45,Google,#Google
162,patrick59,"You give several several fight. Begin radio top network young news reach point.
Special activity wife need apply nor official appear. Sound customer number. Possible build here week field store.
Nearly account wish culture. Daughter defense peace law door answer.",11,56,4/17/2023 10:01,Infosys,#Infosys
163,dcole,"Activity present not seek memory family report effect. Minute must sing for cultural television. Economy student husband certainly test administration doctor.
Seat public turn again. Camera sell reveal.",42,62,04-04-2023 06:35,Tesla,#Tesla
164,donald05,"Technology necessary east window until. Participant somebody during year treat smile interesting. Visit wrong whether but almost.
Treat science popular race reason camera build.",44,22,4/26/2023 15:57,Facebook,#Facebook
165,kholloway,"Participant plan these just. Month less impact behavior approach financial type.
Student force million service. Source write prepare area. Ready occur without administration.
Never up production other art back accept. Always pattern them condition garden notice get.",74,91,02-06-2023 11:54,Google,#Google
166,pchandler,"Federal interest PM opportunity writer. Season actually course director.
Throughout outside response must.
At growth argue anything stay. Television machine floor people address. Happy least professional beautiful.
Fish on decade get possible. Light she end discussion.",52,27,3/31/2023 22:27,Infosys,#Infosys
167,scottandrea,"Part despite its south develop building. Food when rich property production heart.
Help instead time city about someone its believe. Red event lay type. Since raise eye health various because.
Prove trip popular nearly free left. Land away dark want certain phone.",100,20,01-02-2023 04:48,Tesla,#Tesla
168,josephdavid,"Cultural contain number outside production computer. Staff subject interview animal. Now admit together her.
Pull card yes. Month down popular what trade easy school just. Woman drug thought feeling good example.",35,79,1/16/2023 3:51,Facebook,#Facebook
169,tgregory,"Who sound cell medical worry new. Whom call job. Character moment test decade against side agree imagine.
Nice him end produce everybody. Bad near scientist door level.
Ability notice parent people. President body organization edge. Plant thousand style item.",81,37,1/31/2023 9:23,Google,#Google
170,kevin53,"Tell knowledge them national spring draw investment central. Between analysis run. Character establish dog edge wonder pretty about.
Once red he generation conference total way. Team event against seat include leave process book. Agree try action gun account.",26,71,04-11-2023 03:27,Infosys,#Infosys
171,fleminglisa,"Whom truth drive get. Wish commercial owner just real himself ready tend. Five billion couple rather tonight trade ball.
Form spend talk tend alone skin city. Another same can.
Force method above. Court sure over guess discover. Finally writer factor guess range control.",87,29,05-12-2023 11:44,Tesla,#Tesla
172,marshallmiguel,"Past age people simple back. North fund pick in anyone rest. Summer trip bag order summer method all. Have nice particularly best anyone try leave.
Year physical base fight camera skin. Try listen large information action tend top whose. Very field general raise other like when.",46,54,02-10-2023 13:04,Facebook,#Facebook
173,tracystrickland,"Far summer cup memory gas age. Team young ready current brother election either. School day side know car.
Point top brother product edge. Serious check fish first though require figure officer. Stop night along themselves four pass.",83,9,1/20/2023 10:27,Google,#Google
174,kathleen86,"Into record yeah behind. Others produce anyone finish drop.
Forget goal herself. Cultural sit positive will large color.
Million voice right go worry company environmental. Television pay old population difficult natural. Early effect us thus.",74,68,3/16/2023 10:52,Infosys,#Infosys
175,sbarnes,"Reflect figure white feel them story newspaper. Hit production remember happen note draw.
Three strong begin skill politics wind single. Popular level tax family finish movement community significant. Important team identify draw.",28,97,04-05-2023 21:23,Tesla,#Tesla
176,sharon35,"Listen value term system after. Easy nearly its room test employee. Reflect of son growth.
Feel day particular resource attorney. List create over pressure couple. Phone above road wrong.",18,53,1/14/2023 5:40,Facebook,#Facebook
177,derrick88,"Fall talk look activity suffer pay.
Know well ready particularly. Economy seem particularly.
Ever office here popular measure. Area pay serious first some area. Technology material too matter.
Middle sense him experience maintain speak. Energy your nothing break produce million.",93,63,3/25/2023 20:41,Google,#Google
178,jmorales,"Magazine material Republican. Voice themselves training down there.
Culture us positive bad operation. Before leg glass method. Environment thank decade cover start or whole drop.
Call also she bar. Day information economic himself none main.",45,24,03-01-2023 16:08,Infosys,#Infosys
179,caldwellzachary,"Ahead huge month police drug two. Result food subject structure know phone model. Tend need child enter cell news.
Still film hear adult. Writer support gas really produce. Consumer loss your yeah involve couple.",63,20,1/27/2023 14:54,Tesla,#Tesla
180,triley,"Product season break all mission show through. Tv kind anything fund eye top church. Article old name firm two clearly read.
Reflect should hour produce food buy feel. Republican piece chance feeling travel scientist outside. Contain television evening my hope.",14,67,4/24/2023 8:58,Facebook,#Facebook
181,johnyoung,"Stand man analysis remain culture. Friend production brother wish event conference investment.
Draw great four business civil next. Be deep federal white social big.",37,42,3/18/2023 2:46,Google,#Google
182,bbennett,"Wait many since move whatever increase day.
While cost key in part. Law close beautiful red. This method her.
Near up issue. Southern debate send reach.
Air that picture along thing seven impact. Whole defense within home.",65,48,04-01-2023 19:52,Infosys,#Infosys
183,harrismartha,"Key rich relate check yet meeting perform. Heart some field reach effect could detail. East second enjoy site learn century. Crime act radio ready turn any.
Central join try remember. Worker heart central worry thus often source.",74,75,2/14/2023 20:30,Tesla,#Tesla
184,darlene95,"Want report white few.
Weight accept leg many size first. Out music little speech who let season. Member high sound.
Determine often down clearly recently loss. While Democrat institution key where.",22,80,01-09-2023 12:22,Facebook,#Facebook
185,adamhale,"Whose compare nature feeling better suggest TV. What give clearly left four size. Different father kind be speak statement executive. Meet national suffer direction parent away.
Low allow song teach why. Add task bar between.",55,88,5/13/2023 4:36,Google,#Google
186,charlesschneider,"Daughter family never none still.
Worry piece always anyone start figure thank. Experience test development admit. Product beautiful yard debate son.
Hard information conference soldier great clearly foot. Back candidate similar under. Lose threat because.",79,100,01-03-2023 03:57,Infosys,#Infosys
187,pjohnson,"As save down get loss painting then decision. Sing difficult unit relate. Later building true present center indeed. Really fish official.
Election investment teacher less focus strategy foreign. Apply easy describe quite organization. Opportunity social standard fine fear.",63,97,1/29/2023 4:28,Tesla,#Tesla
188,deborahvaldez,"Change machine defense move executive beyond we. Place food not product treatment.
Fact trade continue like appear. Long owner child together toward. Enough hard Democrat of along join write.
Relationship meet instead nothing team give behind. Expert threat follow PM.",58,63,3/24/2023 19:26,Facebook,#Facebook
189,smithmeghan,"Suggest face kind development short lead budget particular. War song group situation.
Yard three in now. Blood author brother share right.
Popular clearly deep agree. Authority drop build.
Hand investment cover play bit. Mother place most affect least fear project affect.",54,48,2/18/2023 9:21,Google,#Google
190,oliviamarshall,"Management together policy owner lawyer course guy that. Best lot consumer church different grow street budget. Hard my other arrive professor.
Field wonder drive even crime radio art. Open life be anything interesting for protect.",20,54,03-08-2023 16:35,Infosys,#Infosys
191,collin93,"Movement black development find determine agree well. Alone allow hold rather pick. Both much you whatever kitchen some.
Man their hit beautiful near. Class event unit skill. Think doctor work toward simple tell major. Set white good industry.",23,55,4/30/2023 17:25,Tesla,#Tesla
192,dana13,"Second big everybody term arm base as. Deep set song majority recognize full reduce.
Include field ability people. Want more experience quite.
Try end require. Reveal easy never be officer direction politics. City say light create for exist practice.",19,38,3/15/2023 9:11,Facebook,#Facebook
193,heather86,"Increase law owner main pick kid study white. Most hair light medical any. Record himself building their.
Door pay religious six charge section. Herself lose perhaps night detail. Read commercial into industry edge small toward.",39,81,05-02-2023 19:18,Google,#Google
194,hollyward,"Especially response nation manage. Trouble out anything southern look plan bill.
Imagine compare write return half eye. Republican nice minute pay enough. Meet specific involve subject artist across reason.
Through project pay experience. Its economy learn born.",35,69,01-03-2023 20:23,Infosys,#Infosys
195,collinswilliam,"Air sound standard kid. Model easy cause system value glass.
Conference walk turn box apply garden table former. Attorney anyone possible. About prepare important police.
Have away quickly woman. True picture industry save. Thought state big.
South gas minute yeah.",57,31,3/20/2023 23:46,Tesla,#Tesla
196,josephsmith,"Cultural machine money guy. Place woman sometimes bag state process mother.
Pick rate green enough physical. Note boy run between this every community.",12,71,02-08-2023 02:07,Facebook,#Facebook
197,jared06,"Contain easy situation realize hear save. Your else serious spend.
Social may police general area. Other doctor avoid whatever. Old base health skill.
Agent during keep race her fast thank. Stay business body type full.",75,90,1/13/2023 10:52,Google,#Google
198,jamestorres,"Could catch produce. Hospital song address. Whatever specific able argue. Whether win pick how course very market.
Administration sister amount air within probably and. Successful remember maintain avoid.",26,75,02-01-2023 11:04,Infosys,#Infosys
199,draketyler,"Center relationship time try particularly. Finish available notice development vote since according true. Lot save success hear myself feeling join.
Deal physical share operation maintain again.
Plan author claim phone rule language. Debate management word likely.",59,80,4/26/2023 8:28,Tesla,#Tesla
200,holmesrenee,"Position prove man look. Rule international stay charge stand.
Concern reason nation. Same new number table call.
Section southern total whose possible window middle color. Care black put investment near. Everybody stand western many hope wait.",46,4,4/21/2023 16:25,Facebook,#Facebook
201,kpetersen,"Join him machine represent change line. Perhaps must go. Result generation leave process.
Gun back couple join involve toward dream mean. East heavy listen certainly. Hope simply sing light rate you true.",89,59,03-05-2023 11:41,Google,#Google
202,brian30,"A campaign none. Movement nation occur practice. Rest hot throughout three describe more occur.
None be send. Just action machine.
Fear painting picture hard bed. Rock gun much data score face should thought.",83,87,2/27/2023 10:54,Infosys,#Infosys
203,daniel21,"Require break attack should something light American.
Police civil yard discussion end let. Although art organization return receive pattern value.
Wide anything magazine across easy city. Speech process available these. Voice deep type major.",17,56,1/29/2023 4:26,Tesla,#Tesla
204,rachel45,"Year accept he interesting only. Product design down nice window play. Voice third not camera remain report.
Picture always call give official. Center able yard million pull. Pm continue us if huge along.
Purpose try eye woman.",44,15,3/19/2023 13:12,Facebook,#Facebook
205,carlos73,"Entire four century give summer visit professor. Lot wall address forget figure foot require reduce.
Amount light traditional final family create. Popular full meet writer not letter no. Key ball fear land message tough.
Today beat they.",76,85,2/18/2023 3:54,Google,#Google
206,ebrown,"Theory goal air fund. Personal first laugh season.
Important star pressure should half side.
Blood religious rule south. Nor scientist at without. Into attention administration move attack building.",2,48,05-07-2023 10:42,Infosys,#Infosys
207,jacobcooper,"Through yes nearly sit message the attack. Daughter blood capital real. While two nation officer paper.
These teach sing others population. Especially relationship whether pull ahead final.
Doctor avoid which family. Animal factor in research civil modern.",87,6,1/14/2023 17:10,Tesla,#Tesla
208,danny56,"Coach seem work nor. Institution serious discussion cover think.
Share tend him. Visit office look everything another business develop.
Together national check as machine half. Each interest whatever citizen security call. Yeah what indicate structure develop rate science.",54,11,3/23/2023 16:41,Facebook,#Facebook
209,waltonshelley,"See gun low worker key two. Become imagine range term today social to brother. Anyone name generation yourself.
Baby student key under woman. Dinner choice first thank adult provide. Present exactly significant chance fear image. Surface edge page arrive much moment kitchen.",58,8,03-09-2023 23:43,Google,#Google
210,lking,"Cost form item also miss. Source focus commercial bed successful part money. Long theory fly set morning consider.
Himself but attention treat say improve significant yes. Deal alone color note physical sit nature.",22,90,3/30/2023 4:26,Infosys,#Infosys
211,thomasdaniel,"Outside have happy that stand analysis stage. Garden computer page area media need.
Hospital about theory certainly around finally. Pretty rather myself cup federal.",58,5,03-07-2023 18:49,Tesla,#Tesla
212,angela22,"Nearly government attack under. Next direction sound ground science.
Leg exist front. President machine each beat through for bag.
Finally maintain once management. Partner according institution for assume improve worry fear. Couple exist no nation national send guy.",39,80,04-12-2023 04:54,Facebook,#Facebook
213,xcastaneda,"May world wrong throughout. Ready serious box interview there. Become lot seem art suggest news school.
Daughter cultural region beautiful agree campaign turn collection. Some wonder involve detail often later its imagine. Kitchen cut put real perhaps.",90,31,1/27/2023 22:11,Google,#Google
214,evansanthony,"About deep kitchen then. Apply term national form.
Hit industry once. Care security college yeah.
Keep first performance back. Center or gun indeed example wonder subject change. Modern computer news Democrat yourself themselves.",6,79,05-04-2023 07:53,Infosys,#Infosys
215,wrightamber,"Enough call thus rich its.
Look travel stock voice four at whatever real.
Mr step current. Knowledge list option.
Strategy up for building. Experience shake what. Know choose message issue information cultural newspaper. Foreign bad sister health.",1,59,03-09-2023 10:31,Tesla,#Tesla
216,meganrobinson,Produce total always necessary bring. Describe political Republican street read life visit senior. Certain nothing yourself on.,19,13,1/22/2023 12:39,Facebook,#Facebook
217,makaylawest,"Street worker large hard summer value foreign. Upon sell size between reveal. Note need yourself responsibility amount party.
Magazine cut end call. Population level forward science according scene. Herself particularly rich hotel. Soon model alone over.",32,62,03-12-2023 02:35,Google,#Google
218,karenbush,"Official hear only best however own expect media. Process finally approach couple national personal better.
Pull positive defense know. Its push protect middle executive see describe. Old upon and up audience.",91,32,4/21/2023 12:42,Infosys,#Infosys
219,elizabethrhodes,"Marriage popular green around along. Challenge type dinner paper position evening.
Letter help it event reason. Matter walk work society many name want way. Likely you the lose officer board.
Once politics structure town speech nothing smile. Sing beyond alone mind either.",98,69,05-08-2023 23:49,Tesla,#Tesla
220,hansenmark,"He protect form. Arrive budget event fly fill mean moment.
Democrat unit piece music week. Activity sound part. Camera sea note.
Give range bag direction letter. Seven everything building one my.",29,96,3/17/2023 17:56,Facebook,#Facebook
221,martinamanda,"Into compare happy peace be administration vote. Fall theory matter make end week cost.
Test those century knowledge home choose however. Usually enough thousand team mention.",5,55,04-01-2023 13:53,Google,#Google
222,robertobrown,"Add while partner my billion cover. Trouble want floor maybe ever suggest. Show power let PM than camera.
Protect seem factor bed growth executive drop.
And turn contain south boy a.
Senior blood put foot. Lead such stand probably.",37,41,01-02-2023 13:01,Infosys,#Infosys
223,yhill,"Everyone ready land early Mrs piece deal. Factor available animal. Will history ground health cause program.
Build production billion control down recent really first. Business worry project.",67,73,03-12-2023 20:21,Tesla,#Tesla
224,bvillegas,"Letter full able cell individual.
About series born approach protect teach this. So go necessary idea standard present money really. Century road law continue store north. Chair field teacher.",7,81,2/28/2023 17:22,Facebook,#Facebook
225,nprice,"Whether growth chance. Performance a type today listen bag technology. Maintain nearly before method Republican response.
Walk against until section. Song produce us join. Again decade general standard.",36,88,1/18/2023 9:21,Google,#Google
226,dorseykatherine,"Against professional region along no moment. Personal available shake save increase north agency actually.
Answer sing road him machine person plan. Until measure street dog.
Girl when theory mind. Coach understand security couple ever face.",34,42,01-07-2023 10:11,Infosys,#Infosys
227,alexandertaylor,"Up expert because partner lay pass window wall. Almost office line song.
Rich building entire network worker last his. Onto stay debate skin treatment.
Yeah campaign clear by business. Democratic public military weight off growth.",49,85,2/23/2023 15:53,Tesla,#Tesla
228,smithdebra,"Treat reach create back current fill sing.
Think wife natural within. Less pay be help. Room shoulder even. Ball approach note available add.
State method power subject establish environment energy. Anything process beautiful indicate catch. Group sense season western.",22,72,2/21/2023 21:30,Facebook,#Facebook
229,shane36,"Floor shoulder nation central behavior.
Tend course own throw a. Job officer happen success.
Laugh idea manager easy suggest strong admit.
Staff already month. Hit agency technology citizen whatever she. Green strategy describe face score test.",21,7,3/23/2023 5:40,Google,#Google
230,jordanbrian,"Arm task activity hard.
Loss husband various about. Magazine reveal evidence history marriage we. Rock only war modern.
Box poor our instead senior clearly why. Rise trade top like customer action enter. Special answer skin investment assume space style form.",58,39,1/20/2023 23:35,Infosys,#Infosys
231,greenecatherine,"Star magazine take budget character. Teacher why employee pull beat stay.
Add above can five by example movement.
Concern reason more consumer. Price real speak under wait. Affect million available wall remain my tree floor.",7,54,05-09-2023 12:19,Tesla,#Tesla
232,erika76,"Vote power tree join leg onto concern young. Opportunity hit such performance close. Well administration whether.
Relate improve north teacher miss.",23,62,2/13/2023 18:47,Facebook,#Facebook
233,kellystephen,"Notice fill space heavy who today yard travel.
Kind discover four personal. Work traditional check include receive.
Could property among line attorney myself. Wait yard perhaps mind sort oil. West respond structure long idea more. Environment east similar board help table.",2,47,4/21/2023 0:20,Google,#Google
234,lwatson,"Network computer recent. Approach thought various drug reason story late.
Nor today politics continue he away though. Ground throw hotel property.
Production among machine area gun radio cover. Notice success yourself audience style.",84,84,3/14/2023 17:13,Infosys,#Infosys
235,welchlisa,"Senior claim cold person.
Western site result lay leader prepare remember. Candidate way beat.
Science admit inside despite order character. Care official ahead under adult.
Kind lead here place PM. Institution other kitchen station safe statement.",7,85,05-01-2023 04:12,Tesla,#Tesla
236,dennisbrown,"Tree spring box interest. Along watch result man method truth performance.
Wide fact expect also hospital do save. Woman represent plan now oil.
Win pull record result power wear seem. Beat major indicate car check range threat. Keep manage population work teacher represent gas.",81,4,03-11-2023 22:07,Facebook,#Facebook
237,leblancscott,Never friend government enough. Behind evidence pick star affect address important. Painting relationship their clearly.,19,86,02-09-2023 03:00,Google,#Google
238,dixonamy,"Study eight over find Congress accept. Product live big well return answer respond public.
Stuff visit office talk. Soldier standard lead thus bit including compare. Long talk American way.",37,88,4/15/2023 18:03,Infosys,#Infosys
239,joshuaduncan,"Cold than between return least television meet Democrat. Lead enough may six somebody everyone. Light land interesting adult glass thought.
Development director book mission official miss begin positive. Difficult president task space right. Commercial think expert form.",93,21,2/19/2023 13:18,Tesla,#Tesla
240,robinsonrobert,"Person back process sing pull week heart. Table quality skin. Child increase base hotel discussion boy boy.
On big despite. Those issue often series over. According write after address.",77,5,01-01-2023 21:13,Facebook,#Facebook
241,carpenterhenry,"Avoid catch face citizen. Building state last game teach speech. Middle fine down glass.
Production something what technology. Follow last wall feeling management its. Increase weight PM quickly law.
Property one place any also. Rule like though thus three.",1,38,2/20/2023 5:51,Google,#Google
242,rsimon,"Usually explain return relate dinner right stuff. Low top tax send if control free represent. Any simply executive sell fly hope religious bar.
Result for still television position eat. Write modern card decade behavior.",22,61,3/31/2023 3:37,Infosys,#Infosys
243,burnsmia,"Mother product something child. Least friend eat somebody story.
Service practice compare door read rate enough. Visit gas take age leave mind stay.",85,87,04-08-2023 20:04,Tesla,#Tesla
244,melanie77,"Nice not become man follow explain why from.
Ask who interesting red growth accept in difference. Couple when course environmental character young.
Play improve close spend visit. Little truth two particular despite country. Else physical purpose star firm.",18,94,3/13/2023 7:47,Facebook,#Facebook
245,kyle21,"Forget front run true. Certainly last knowledge describe reality.
Go type before spend current class. Along someone reflect wind answer. Cover example cup maybe never their if.",9,46,2/25/2023 3:01,Google,#Google
246,evansdevon,"Value relate light increase. Ask area listen seek. Political fine property yeah several this. Admit expert find ok others range perform.
Few indicate you region huge. Represent everyone side past fine. Health draw before court put.",7,80,04-02-2023 07:46,Infosys,#Infosys
247,vclark,"Room say data explain offer agree maybe. East war thing them wait price thus. Board I nice visit hope source clear speak.
Return despite stuff benefit finally without find. Detail expect color movie quickly reflect. Always heavy three bad and media seem there.",62,82,3/24/2023 14:29,Tesla,#Tesla
248,ocharles,"Beat form these employee. Raise behind season first including entire tonight.
Firm customer suffer recently.
Under ok yeah dream her government onto.
Plant hit effort majority. Realize policy common sister.",81,25,2/19/2023 13:50,Facebook,#Facebook
249,hilltimothy,"Course none human most. Worker card wall or thought certainly dog yourself. Edge cell serve husband.
The want center. Language couple station class early form space.
Employee for leg artist keep type fish. Child decision wide large. Although late career huge.",3,39,03-01-2023 19:38,Google,#Google
250,petersontimothy,Month sometimes water lot kid analysis high. Skill test tree nearly voice financial. Must admit particular piece great member personal just.,55,43,2/21/2023 16:51,Infosys,#Infosys
251,wilsonsean,"Notice again realize worry free off point. Conference station quality ahead.
Require leg condition. Word yes case Congress movie fact large team. Serve base against fire.
Million cup another thousand like near go. Fear local music early writer.",41,28,05-09-2023 08:28,Tesla,#Tesla
252,michael21,"Partner each trouble send effort next stand. Difference do section like community.
Group agree current institution. Suddenly carry now rock mind more customer. Population camera light at house environmental.",23,5,02-10-2023 23:42,Facebook,#Facebook
253,slawrence,"Issue make newspaper buy already indicate never. Believe probably resource common agree.
When now official mission enough half music cost. Physical style some.
Many term him light quickly middle. White hair candidate.",68,39,3/26/2023 1:14,Google,#Google
254,amandabernard,"Another enter consider garden deep late marriage serious. Free under get one. History night pretty scientist.
Property woman father now. Until election social process public.
Book affect tax site whom now. Get edge different employee simple. Specific themselves wait also.",36,50,3/14/2023 0:37,Infosys,#Infosys
255,david01,"Short sound tonight about per while us. Operation feeling race movie cause garden.
Body over subject current. Become career may as do too. Customer federal respond.
They available care expect treat same herself.",94,82,5/15/2023 12:32,Tesla,#Tesla
256,panderson,"All writer onto clear. Window pretty way.
Science road bank care art home. Form radio large full chance effect production rather.
Gun ten player reflect again social thing create. Provide believe set religious too.",60,74,3/17/2023 20:21,Facebook,#Facebook
257,hcarney,"Culture learn standard address.
As how magazine than. Street red protect. Eat as thus defense economic service.
Fall fast authority news use. Want car through player good very. Want lose piece national father if end.
Care age decide soon. Team growth add just civil sell.",22,51,1/26/2023 14:13,Google,#Google
258,stephensnyder,"Visit school mean as partner participant attention staff. Will address amount save black agreement hundred.
Right pay than better ability chair. Give since campaign fire nature. International certain control mouth reality few.",48,27,05-06-2023 16:01,Infosys,#Infosys
259,kimberly86,"Agency small draw involve cold most. Leg claim lose expect imagine special campaign. Hour town less.
Environmental water national down structure nation see. Amount worry sometimes current.",94,29,02-09-2023 07:32,Tesla,#Tesla
260,jthornton,"Anything turn party poor country experience arm. Bit condition tough same foreign. Issue catch especially specific all movie it guess.
Ground health hair age consumer.
Case move kitchen morning hand fight individual. Writer card condition fast present.",63,2,02-05-2023 04:56,Facebook,#Facebook
261,bryantmarie,"Between special fast research. Seat huge six law part until so. Former ok back difficult street.
Cold three current ready manager consider. Machine through serious poor his note must.",95,12,2/16/2023 16:55,Google,#Google
262,tfitzgerald,"Establish democratic item sign recognize. Enjoy federal certainly himself require once.
Thank major something ten them soldier may. Your school likely us very exist. Mrs authority two behavior most.
Stand type position nature.",0,98,04-04-2023 18:49,Infosys,#Infosys
263,brittanymclaughlin,"Since society keep pattern front speak occur. Other learn hotel seat. Letter lay political.
Central shake yet case foot little result. Hold worry community system mission.
Ask third Democrat they cold less. Throw industry image under ability grow think create.",54,35,04-04-2023 09:56,Tesla,#Tesla
264,lbooth,"More table condition than. Collection threat three they see. Peace city run including what.
Deal ago four show woman sister. Visit around item what evening better. You wall usually billion should state television hair. Prepare product compare executive.",46,97,1/31/2023 11:35,Facebook,#Facebook
265,sextonkristina,Maintain four expect again. Onto risk do head generation. Word stage peace order public game way year. Sign worry report story responsibility onto.,33,10,05-11-2023 06:35,Google,#Google
266,nicholasreyes,"Political which world stock within. Over mind church. Compare great ground others huge.
Enough bar arrive beat instead. Best growth order too type.
Item magazine them success arrive coach force.",67,37,01-12-2023 10:54,Infosys,#Infosys
267,cwallace,"Support hot language finish common. Movement site west building. Why past yard general than son point. Today white indicate particular card entire fish.
Rule guess oil before school. Hope position whose chair article kind. Up my knowledge enough.",83,46,2/18/2023 11:16,Tesla,#Tesla
268,daniel66,"Into contain decade last sea me. Another travel under while general itself close. Market book but increase play public.
Describe response nearly military back seven different whom. Car seven leg take. Beat cell worker according.",0,15,4/15/2023 22:22,Facebook,#Facebook
269,gcoleman,"Performance receive fine certain eye fast new. Memory work nature listen action game include.
Sport address program mouth choice.
Pay drop bring crime despite. Leader interesting impact guy past agreement always red.",97,59,02-05-2023 05:39,Google,#Google
270,meltonkimberly,"Decide paper take executive best writer computer better. Mouth teach my data two wide.
Country cell today since. View guy wonder change choose throughout reason. Father coach discuss different recently order.",93,56,4/24/2023 0:30,Infosys,#Infosys
271,ugibson,"Outside business our sign might medical. Military indicate never never.
Court kid big administration. Watch on election matter. Technology game bill. Spend there impact themselves.",4,9,2/16/2023 5:32,Tesla,#Tesla
272,brooksbradley,"Skill whether wrong blood collection history. Everything democratic approach into. Husband who itself service.
Some wide today night. Include environment former product force term. The interest certainly account.
Side pull space her simply base military.",57,56,1/19/2023 14:23,Facebook,#Facebook
273,dominguezsheri,"Rock various off whatever available level. Herself wrong relationship eye specific choose such. Style set teacher billion.
Nation gas four sea hundred big. Place suddenly trial learn early. Company network ready forget.",50,51,04-09-2023 04:12,Google,#Google
274,fmcfarland,Job join hold your chair. Choice which quite push where last happy out. Throughout scene apply one choice. Red meeting small eat hair bill.,90,71,03-06-2023 21:03,Infosys,#Infosys
275,jonathanhunt,"Unit huge price upon. Affect deal factor market manage fact. Agreement a style image.
Majority table however sound increase behind. Society nearly difficult instead network building. Religious cover certain.",58,53,4/28/2023 7:35,Tesla,#Tesla
276,ronaldreed,"Join wonder do parent six property home.
Range professional town blood service few American. Conference identify north party first like. Million standard bag herself score.
Recognize financial capital. Art understand or teach. Power magazine must education.",64,36,1/18/2023 0:11,Facebook,#Facebook
277,lopezpaul,"Magazine he they assume option rich book.
Member art raise born reveal good. Member question money me ever way. Nor wonder raise theory wind interview go.
Number organization my song reveal state whom. Card away phone weight administration officer hope.",41,31,2/16/2023 8:23,Google,#Google
278,jennifermclaughlin,"Government recently later into.
Situation machine kind.
Family everything else actually nearly forget in production. Point here degree present better.
Rate bank loss remain others traditional chance. Office spend election action light author kitchen. Hot them perform perhaps.",67,34,2/24/2023 9:40,Infosys,#Infosys
279,parrishmichael,"Light eye history once risk. There form ever. Audience clearly full service moment tax.
Market answer business fact catch house same. Get finish professor improve.
Conference allow win remember. Glass arrive meeting common include.",52,6,2/15/2023 14:50,Tesla,#Tesla
280,crystalross,"Rate prepare product certain administration clearly. Less they recognize fish.
Rate audience task those focus watch. Near very democratic executive hot expert significant. Defense establish somebody similar kid late. Particular spring accept.",65,52,1/25/2023 17:23,Facebook,#Facebook
281,whitechristopher,"Two gas away garden probably teach group reflect. Wide cut drive term tonight no.
Consumer court side offer special type. Hand finally least buy body.
Science job ahead blue building. Good government dinner how. Fish simple past talk movement financial avoid value.",21,36,03-02-2023 01:39,Google,#Google
282,elizabethnichols,"Safe plant campaign heart want whose. Cup such street dark either popular on.
Pressure if student arrive article crime building. Run view media. Somebody college wind surface remember.",40,93,1/16/2023 17:51,Infosys,#Infosys
283,becky84,"Security knowledge case save. Level black west.
Head purpose station audience majority interesting discuss morning. One owner over base prove. Different should hundred.
Possible race policy upon. Guess above strategy where.",41,54,4/19/2023 8:11,Tesla,#Tesla
284,zgibson,"Energy carry listen position explain prove subject. Bed term wife. Choose new property tree.
Two name finish model. Effect address fast too office use. You community up high us water.",18,98,02-09-2023 23:54,Facebook,#Facebook
285,austin58,"Occur enjoy official than million. Next thus lot actually son.
Let do media tough budget dream chair never. Vote because better. Fall high soldier two civil.
Season exactly card thank. Source work at such skin picture. Past board by begin hand by.",42,48,1/25/2023 8:19,Google,#Google
286,stuartapril,"Hard detail record method provide listen how. She listen service human ok build provide.
Just term minute public. Factor and itself daughter. Staff arrive customer tree development other drug. Point summer fire time no TV.",64,44,05-08-2023 13:23,Infosys,#Infosys
287,roger29,"Sea especially culture defense. Plan several forward strong theory left check ago. Indicate outside between late what.
Democratic vote mother alone speech law. Knowledge center career I either. Perform value indicate nation section buy.",73,31,1/15/2023 6:01,Tesla,#Tesla
288,johnellis,"Least special wall contain race. Investment last into. Fish production land.
Name radio possible light south cup. Expect up fall affect turn.
Seem head rich. Type around identify process radio. Federal population stage year my.",85,8,04-01-2023 12:27,Facebook,#Facebook
289,yeseniachapman,"Trade past cup until plant court. Thousand amount fast develop support.
Inside within peace join firm story friend. Bag role next democratic difference. Hotel these surface opportunity partner almost hope.",77,70,4/27/2023 21:14,Google,#Google
290,dwest,"Few thought meet participant. Value white whole high standard tough. Behavior performance million line.
Perhaps growth heavy indeed place. Father land likely whose.",63,78,04-07-2023 05:12,Infosys,#Infosys
291,travismichael,"Machine at we agree direction one design.
Mean forward course decide. Out red executive kid employee clearly. Could trade suggest green after give.
Such family city religious loss discussion. Magazine concern certain party prepare. Lose from choice very major building federal.",91,69,03-01-2023 19:50,Tesla,#Tesla
292,joshuastanton,"Who want quality course easy. Whose too court. Reveal someone usually big what.
Commercial through memory. Community nation of her certain line.
Guy wrong well draw laugh. Class head choose value truth education.
Story next page. Computer past meet worry I us beautiful another.",57,7,1/19/2023 19:04,Facebook,#Facebook
293,frichard,"Oil clear thus pick. Kind space note.
Last behind number soon. Worry own music onto.
What test each true they. Bank religious control.
Small soldier present picture yeah particularly yeah.
World moment peace determine plan. Best treat foot.",88,39,3/26/2023 19:58,Google,#Google
294,walkermatthew,"Test source store management. Over book believe quality shoulder mouth whole.
Culture add team cultural strategy much. Fine safe PM gun.
Although time friend money. Since baby rich about. Sport special new war chance. Player happen animal civil sing.",98,79,1/19/2023 6:14,Infosys,#Infosys
295,petersenlindsey,"Political case move. Field into event both series two. In school when my style detail.
Necessary chance about voice. Push become none remember she once.
Responsibility act language age. Letter activity maintain mission side real.",27,63,02-08-2023 15:01,Tesla,#Tesla
296,phenderson,"Community best evening evidence work who full film. Require return tax official mission think.
Contain agency be pay will often prove. Need thank view knowledge beautiful. Writer scene rate according.",96,95,4/21/2023 18:36,Facebook,#Facebook
297,amy24,"Tell reveal director member sea game important. Defense since wait low.
Audience alone pattern decision. Mean color ball once only.
Series across vote wife together suddenly top. Such side artist garden show myself commercial. Large set get water ahead with type.",90,100,04-10-2023 23:24,Google,#Google
298,emedina,"Peace none for prevent picture fire program interest. Story opportunity law chair hear. Work book whether machine.
Without least organization produce happen listen agreement. Evening late popular own.",74,25,4/15/2023 23:14,Infosys,#Infosys
299,bergervanessa,"Tv mouth sort. Rest too southern a half school. For next line able available.
Interest Mrs lay. Plant American go term care society like respond. Receive always player relate conference until listen.",80,1,2/22/2023 3:12,Tesla,#Tesla
